k_phys_Mpc,nbar_ms,A_ring,phi_ring,damping
0.0005,0.08263053857368752,0.5133542767934051,-1.841005554062816,1.0
0.0005134911573176754,0.07816861881181612,0.5021171410957688,-1.8475983552077933,1.0
0.0005273463372868919,0.07385862154042551,0.490760096117944,-1.8542177063950778,1.0
0.0005415753620813668,0.06970292141097129,0.4793013313873282,-1.8609411645231086,1.0
0.0005561883188998003,0.06570287574691325,0.4677586982549565,-1.8678369412883813,1.0
0.0005711955671168616,0.06185897929660139,0.45614978177089566,-1.8749655143757105,1.0
0.0005866077456271272,0.058170990052717315,0.444491942529816,-1.882380958302124,1.0
0.0006024357803871722,0.05463803288547972,0.43280233561502324,-1.8901320461880449,1.0
0.0006186908921611721,0.05125865733782564,0.4210978105063963,-1.898262687176672,1.0
0.0006353846044754915,0.04803100205298841,0.4093952146163505,-1.9068141865104133,1.0
0.0006525287517879072,0.044952762215852045,0.3977110549505447,-1.9158243561265647,1.0
0.0006701354878772612,0.04202127038344029,0.38606155159546907,-1.9253284608833399,1.0
0.0006882172944594806,0.039233548058927585,0.37446261721481394,-1.9353597356712882,1.0
0.0007067869900360764,0.03658634676465226,0.36292981543541647,-1.9459497494013498,1.0
0.0007258577389814024,0.034076184585105716,0.3514783162669368,-1.957128708019709,1.0
0.0007454430608751031,0.03169937300483448,0.34012282047146836,-1.968925581331266,1.0
0.000765556840086375,0.029452063357971674,0.3288775910418748,-1.9813686493165001,1.0
0.0007862133356168306,0.02733026298832743,0.3177563593832805,-1.9944854673020593,1.0
0.0008074271912089526,0.025329855936466562,0.30677225488518167,-2.0083029055304435,1.0
0.0008292134457272911,0.023446631552259792,0.29593778646997015,-2.022847372427554,1.0
0.0008515875438197684,0.021676306344495508,0.2852648024486045,-2.03814491303614,1.0
0.0008745653468666591,0.02001454319069374,0.27476444528565713,-2.054221253603548,1.0
0.0008981631442249901,0.018456973870853797,0.26444713838793704,-2.0711019475432164,1.0
0.0009223976647763459,0.016999217262060957,0.25432256005719145,-2.088812437517405,1.0
0.0009472860887862543,0.015636892807617188,0.2443995947694563,-2.1073779957069894,1.0
0.0009728460600835759,0.014365639168324942,0.23468632980269116,-2.1268238218412123,1.0
0.0009990956985685136,0.013181129569338862,0.22519004260254674,-2.147175074262744,1.0
0.001026053613058115,0.012079085491455858,0.21591718757926515,-2.168456874157321,1.0
0.0010537389144783876,0.011055292298146176,0.2068734126699057,-2.1906944035779343,1.0
0.0010821712294123576,0.010105609650886069,0.19806354684692143,-2.2139128629064375,1.0
0.0011113707140136865,0.009225983118292239,0.18949160953602157,-2.2381374939692353,1.0
0.0011413580682957186,0.008412454879099758,0.18116082670411254,-2.26339361023109,1.0
0.001172154550806071,0.00766117291646582,0.17307364750019721,-2.2897066099667005,1.0
0.001203781993697179,0.00696839932316729,0.16523176689018818,-2.3171019969869127,1.0
0.0012362628182034862,0.0063305178725382855,0.1576361566088478,-2.345605421570665,1.0
0.0012696200505362383,0.005744039302205172,0.15028708566929483,-2.375242662698986,1.0
0.0013038773382071588,0.00520560664495781,0.14318415609371168,-2.4060396632733823,1.0
0.0013390589667925683,0.004711999134107719,0.13632633717959516,-2.438022551468098,1.0
0.0013751898771498532,0.004260134994544105,0.12971200043059916,-2.4712176519873497,1.0
0.0014122956830984617,0.0038470737550642263,0.1233389636463128,-2.5056515393709082,1.0
0.0014504026895779721,0.0034700167625846675,0.11720452393311524,-2.5413510332243017,1.0
0.0014895379112961243,0.0031263074059676567,0.11130549980023709,-2.578343233262634,1.0
0.0015297290918799998,0.0028134303703091896,0.10563827180035382,-2.6166555476593736,1.0
0.0015710047235439574,0.0025290100576408434,0.10019882190866511,-2.6563157165020366,1.0
0.0016133940672882429,0.002270808521058077,0.09498277656614708,-2.6973518562003043,1.0
0.0016569271736426227,0.0020367225047832555,0.08998544421636973,-2.7397924815159254,1.0
0.0017016349039697125,0.0018247800403112014,0.08520185367862083,-2.7836665358145285,1.0
0.0017475489523431185,0.0016331365831684713,0.0806267917509923,-2.829003431069667,1.0
0.0017947018680159186,0.0014600707384799215,0.07625483939830535,-2.8758330716873792,1.0
0.001843127078495378,0.0013039796773682594,0.07208040710707314,-2.9241859033709052,1.0
0.0018928589132402754,0.0011633742624327168,0.06809776814200681,-2.9740929482117164,1.0
0.001943932627997653,0.0010368739116831675,0.06430108823047449,-3.0255858331695813,1.0
0.0019963844297962124,0.0009232014082030658,0.060684455618832116,-3.0786968312826195,1.0
0.0020502515026140896,0.0008211775806683133,0.05724190793184417,-3.1334588956425793,1.0794803861514247e-16
0.002105572033739224,0.0007297159855874296,0.05396745812553369,3.0932796076434825,2.1733470552926528e-33
0.0021623852408409715,0.0006478176327057793,0.05085511981373028,3.0351136217172905,1.2014516740038031e-49
0.0022207313997721816,0.0005745656391149793,0.04789892603770179,2.975193221735924,1.7759112668059634e-65
0.0022806518731214405,0.0005091200909180753,0.04509295008691865,2.9134823435841883,6.839928950984546e-81
0.0023421891395357056,0.0004507129795385661,0.042431322667021126,2.8499440512820846,6.693754514321514e-96
0.00240538682383416,0.00039864329971273863,0.039908247650170696,2.784540518210776,1.6241847443427994e-110
0.002470289727934583,0.00035227239443625015,0.03751802005741827,2.717232951293061,9.540863459898473e-125
0.0025369438626141896,0.00031101931443452274,0.03525503406354337,2.6479815920770986,1.325677573817872e-138
0.002605396480127468,0.0002743565124508682,0.03311379554054686,2.5767456719444968,4.259538453372911e-152
0.002675696107704106,0.00024180570925123787,0.03108893133811433,2.503483382986743,3.0959654847836585e-165
0.0027478925819507624,0.00021293394320185337,0.0291751948322732,2.428151853829921,4.982237848792629e-178
0.0028220370841811047,0.0001873499976302891,0.02736748074988655,2.350707068595914,1.7385138003676826e-190
0.0028981821766991107,0.00016470079610330767,0.025660822528678406,2.2711038875128393,1.2889201500215012e-202
0.002976381840061372,0.00014466818850997676,0.024050399285890575,2.1892959964986094,1.9905309677114827e-214
0.003056691511344853,0.00012696590799792263,0.022531539110432406,2.1052358714393695,6.281071202415013e-226
0.0031391681234471695,0.000111336688881546,0.02109971683501219,2.018874795531942,3.9743594036145064e-237
0.003223870145447285,9.754977781766527e-05,0.01975056835763385,1.9301626916416212,4.951425009557343e-248
0.0033108576240552584,8.539835806339259e-05,0.01847987928771178,1.8390481960208642,1.1931430279796306e-258
0.003400192226180371,7.469734433724765e-05,0.017283588606502556,1.745478580752025,5.465460191644959e-269
0.0034919372826478444,6.52813121290542e-05,0.01615778816171421,1.6493997010609296,4.679541987804237e-279
0.003586157833095161,5.700255079962612e-05,0.015098715780121638,1.550756002293957,7.366910240607681e-289
0.003682920672079763,4.972944280828482e-05,0.014102769212401046,1.4494902741760727,2.0985695616164806e-298
0.003782294396430857,4.334475721712446e-05,0.013166491054703104,1.3455437111050708,1.0650020685843063e-307
0.0038843494538788833,3.7744218396658054e-05,0.0122865690969171,1.238855785826988,9.4836943e-317
0.003989158192997097,3.283518611979792e-05,0.011459834560201776,1.1293641228751334,0.0
0.004096794914490733,2.8535413097005686e-05,0.01068325241571829,1.0170044556444218,0.0
0.004207335923870032,2.4772052247532157e-05,0.009953936199698313,0.9017102260575113,0.0
0.004320859585544508,2.1480588990823166e-05,0.009269132618805175,0.7834125501172172,0.0
0.004437446378376842,1.8603948918014716e-05,0.008626218335944761,0.6620400049612217,0.0
0.004557178952735709,1.6091701517729746e-05,0.008022698987821316,0.5375183492707375,0.0
0.004680142189088023,1.3899301229793117e-05,0.007456197882003974,0.4097703800604331,0.0
0.004806423258172176,1.1987512313601802e-05,0.006924472905752814,0.27871530195220573,0.0
0.004936111682794852,1.0321768342670639e-05,0.0064254023252141934,0.14426856042709002,0.0
0.005069299401295254,8.87163258203256e-06,0.005956977922353754,0.006341566536293423,0.0
0.005206080832721799,7.610338838828763e-06,0.005517305541400051,-0.13515870653748202,0.0
0.005346552943767373,6.514346128502031e-06,0.005104593553497567,-0.2803298757653072,0.0
0.0054908153175106614,5.563012576606189e-06,0.004717168536445998,-0.42927479327837126,0.0
0.005638970224012344,4.7382353350503465e-06,0.004353466662280167,-0.5821016691438556,0.0
0.005791122692816027,4.0241228057874024e-06,0.004012019060509776,-0.7389239125642643,0.0
0.005947380587405503,3.4067428752444424e-06,0.0036914539499724643,-0.8998601462335925,0.0
0.006107854681671064,2.873871265440245e-06,0.003390484623312942,-1.0650336698294576,0.0
0.006272658738438913,2.4148083243071315e-06,0.003107919456101864,-1.2345721576454363,0.0
0.006441909590119655,2.0201907050344452e-06,0.0028426596465310544,-1.4086067547842214,0.0
0.006615727221532756,1.6817940441644236e-06,0.002593673505278136,-1.587270108903888,0.0
0.006794234854965809,1.3924049478784077e-06,0.0023599992668684065,-1.7706946421828385,0.0
0.006977559037528964,1.1456850746827994e-06,0.0021407299126033367,-1.9590098420196562,0.0
0.007165829730866314,9.360749506474018e-07,0.0019350166140906459,-2.152339636166908,0.0
0.007359180403287901,7.587044922786991e-07,0.0017420709138395332,-2.350799467452722,0.0
0.0075577481243877245,6.092849207288781e-07,0.00156113267663112,-2.5544921092378816,0.0
0.007761673662214696,4.840508101052451e-07,0.0013914741943034505,-2.763504793932391,0.0
0.00797110158306549,3.7969701019222894e-07,0.0012323904877745613,-2.9779065620028633,0.0
0.008186180353970106,2.9333261150734964e-07,0.0010832033125398105,3.085437935551719,0.0
0.008407062447942664,2.224424024686215e-07,0.0009432756851656391,2.8601256427825295,0.0
0.008633904452072098,1.6483279401770458e-07,0.000811991903654159,2.629324095939473,0.0
0.008866867178529464,1.1860368736283228e-07,0.0006887775996449923,2.393022496444776,0.0
0.009106115778570421,8.211359647739339e-08,0.0005731093314318719,2.1512060047779467,0.0
0.009351819859613733,5.394792155033901e-08,0.00046453380047784156,1.9038404876959862,0.0
0.009604153605478965,3.288606830694596e-08,0.00036269030943789825,1.6508535636415593,0.0
0.009863295899868238,1.786355473401103e-08,0.0002673092128498711,1.3921141539378712,0.0
0.010129430453180054,7.941132201215827e-09,0.0001782260590445718,1.127409798466482,0.0
0.01040274593274467,2.274464326961095e-09,9.53826885082508e-05,0.8564247515356843,0.0
0.010683436096573604,8.851305115633443e-11,1.8816275012738155e-05,0.5787210137543337,0.0
0.010971699930718025,6.599442763336397e-10,5.04877133603284e-05,-2.847866417760963,0.0
0.011267741790333316,3.3112993689332197e-09,0.00011035329470796814,-3.1408616208643405,0.0
0.011571771544549988,7.41604899914023e-09,0.00016098509943486227,2.8404958001117717,0.0
0.011884004725253442,1.241467531041382e-08,0.0002028332772055486,2.528919515565336,0.0
0.012204662679878228,1.783605046184954e-08,0.00023651353533593,2.206669534283341,0.0
0.012533972728325035,2.3326719405976106e-08,0.0002628650385845328,1.8729351675476462,0.0
0.012872168324111609,2.866360567293433e-08,0.00028290453878948227,1.5271863421479734,0.0
0.013219489219871993,3.375471337549981e-08,0.00029777396759270175,1.1693727979875588,0.0
0.013576181637321216,3.8616743700264625e-08,0.00030862966020703085,0.8000998389946348,0.0
0.013942498441806093,4.332167536547875e-08,0.0003164719277447168,0.42069004995271675,0.0
0.014318699321565802,4.794141191848306e-08,0.0003220194395675862,0.03305239467321182,0.0
0.014705050971829276,5.246235349448285e-08,0.0003255524941989725,-0.3606915531083569,0.0
0.015101827283880055,5.672820797975685e-08,0.00032689656740035014,-0.7587256176678165,0.0
0.015509309539222442,6.041603699210762e-08,0.00032550922368888396,-1.1600516620219348,0.0
0.01592778660898679,6.306382122495538e-08,0.0003206605828944389,-1.5648598518888384,0.0
0.01635755515871521,6.418036498746429e-08,0.00031169765025529524,-1.9747099268144523,0.0
0.016798919858672774,6.337628588946309e-08,0.0002982667323436705,-2.392610155602008,0.0
0.017252193599833536,6.052734693103921e-08,0.00028053306194157873,-2.8230489664605996,0.0
0.01771769771569424,5.59009215399679e-08,0.00025933991160646206,3.01121279023612,0.0
0.018195762210073144,5.0187282437684094e-08,0.0002362827399357705,2.5367317912231098,0.0
0.018686725991055374,4.4413615764820025e-08,0.00021365643462754175,2.0298437960984175,0.0
0.01919093711125062,3.970006209621147e-08,0.00019411127076155734,1.487312800468242,0.0
0.019708753014533627,3.693261284119116e-08,0.00017987186970097054,0.9147192191005914,0.0
0.020240540789442207,3.6437924106910785e-08,0.00017162315201181598,0.3286530978587539,0.0
0.02078667742941259,3.777967832620567e-08,0.0001678608929529549,-0.25041799276756654,0.0
0.02134755010003656,3.979854027087738e-08,0.000165494323120959,-0.8098388434246643,0.0
0.021923556413529662,4.092944434230277e-08,0.00016122475841168422,-1.3492488690771212,0.0
0.0225151047106054,3.974788928026692e-08,0.00015265190377381386,-1.877426892594125,0.0
0.02312261434995484,3.557013905214266e-08,0.00013877726916738836,-2.4088596294380396,0.0
0.0237465160055372,2.8855973551033917e-08,0.00012016109070867336,-2.9639617970232015,0.0
0.024387251971892013,2.1191499174446384e-08,9.902960858017053e-05,2.710028554550691,0.0
0.02504527647768919,1.4752738859909414e-08,7.949674371239351e-05,2.0035654431219596,0.0
0.025721056007739565,1.1397356772693702e-08,6.726081290057367e-05,1.174365730503914,0.0
0.026415069633693878,1.1753512913351116e-08,6.57864727064517e-05,0.3045917485429996,0.0
0.027127809353664923,1.477330750118953e-08,7.108292540957236e-05,-0.4746524699804042,0.0
0.02785978044101334,1.809108897944541e-08,7.58640097071614e-05,-1.1471573368512844,0.0
0.02861150180254456,1.9152605196595625e-08,7.53377125054436e-05,-1.7585759725132726,0.0
0.02938350634637074,1.6616085654451244e-08,6.777925236448982e-05,-2.3538333013862367,0.0
0.03017634135969835,1.123587046946794e-08,5.3879976808198716e-05,-2.9811606957730397,0.0
0.0309905688968095,5.5740319279375084e-09,3.671830850129691e-05,2.5463094771105683,0.0
0.031826766177511755,2.5111355463327244e-09,2.3867402048409325e-05,1.4127012630400326,0.0
0.03268552599633912,3.3532088895313716e-09,2.6734650490324957e-05,0.06465074027446581,0.0
0.0335674571427943,6.8129585024876724e-09,3.697433032539652e-05,-0.839112099240427,0.0
0.03447318483292983,9.772861574579118e-09,4.300840222863103e-05,-1.5200046363816475,0.0
0.03540335115257458,9.536500322290318e-09,4.1302887016106906e-05,-2.1357278888838813,0.0
0.03635861551251918,5.986523269913865e-09,3.1846362408121585e-05,-2.753670345435863,0.0
0.03733965511598372,1.8056337539876755e-09,1.7037691006446693e-05,2.795378994878366,0.0
0.038347165438698705,2.649705969306969e-10,6.364356958148116e-06,0.7781310688536958,0.0
0.03938186072193953,2.2632059062275802e-09,1.8155804191375464e-05,-0.7475502718549455,0.0
0.04044447447886449,5.372031381834289e-09,2.7331104624161422e-05,-1.436363503575636,0.0
0.04153576001451466,6.138387198323645e-09,2.85752263405931e-05,-2.0367271721182565,0.0
0.042656490959844716,3.6551580070230717e-09,2.158804405604841e-05,-2.607020079391315,0.0
0.043807461820163277,6.178803799656931e-10,8.698169677624356e-06,-3.105815306323903,0.0
0.04498948853837104,3.222091413380436e-10,6.161283238668064e-06,-0.8757968109050951,0.0
0.04620340907339691,2.7265368834922392e-09,1.759695452077046e-05,-1.326526673061649,0.0
0.04745008399424116,4.443151711357234e-09,2.207527392351284e-05,-1.8759711046117005,0.0
0.0487303970900476,3.1247003087452804e-09,1.8208469168169808e-05,-2.395239353554928,0.0
0.05004525599663686,6.835269554435537e-10,8.383495581105095e-06,-2.6445134470825447,0.0
0.051395592839944854,5.808872907967099e-10,7.614258240982563e-06,-1.3826246077611946,0.0
0.052782364896822635,2.65762985282438e-09,1.6058657085282958e-05,-1.5849865425143088,0.0
0.05420655527366661,3.382338741220984e-09,1.7876839803244303e-05,-2.0657612208893106,0.0
0.055669173603359275,1.61263591831852e-09,1.2189553156016183e-05,-2.4345000273028075,0.0
0.05717125676101509,5.13092034153863e-10,6.7945817597556895e-06,-1.893199562516263,0.0
0.05871386959903924,1.898744283765993e-09,1.2925180771130382e-05,-1.6133196029466605,0.0
0.060298105702019475,2.9069252134348948e-09,1.5824836522708843e-05,-2.0061813261570376,0.0
0.06192508816198708,1.5885131116396712e-09,1.1582665989990478e-05,-2.3207610545619604,0.0
0.06359597037459566,7.796251070211793e-10,8.039001159422695e-06,-1.874905895825417,0.0
0.06531193685678346,2.0676321399274747e-09,1.2977303127380718e-05,-1.7540034414776844,0.0
0.06707420408649743,2.404587792342116e-09,1.3879882020254152e-05,-2.1105523618926068,0.0
0.06888402136507504,1.1166279586812265e-09,9.385440608826496e-06,-2.192220561380908,0.0
0.07074267170289573,1.3657243344414081e-09,1.0304592661813653e-05,-1.7733699973984092,0.0
0.07265147272892869,2.3438826720865454e-09,1.340787626590352e-05,-1.9771734821216949,0.0
0.07461177762482225,1.505058268466184e-09,1.0675702107350037e-05,-2.1928838880130237,0.0
0.07662497608419805,1.2334724645751203e-09,9.606970725783441e-06,-1.8679011013359117,0.0
0.07869249529782812,2.1630892153565712e-09,1.2651039140415506e-05,-1.9538588053320352,0.0
0.08081580096539508,1.5677360437298028e-09,1.071393818011347e-05,-2.158044907432365,0.0
0.08299639833455127,1.343697624635241e-09,9.870362632976092e-06,-1.8969280156286907,0.0
0.08523583326801505,2.078886157848072e-09,1.2220946332657663e-05,-1.9986083409936473,0.0
0.08753569333945904,1.42865330481314e-09,1.0087661285961696e-05,-2.115267850043499,0.0
0.08989760895896791,1.603932754487013e-09,1.0645786166203345e-05,-1.9035251951094918,0.0
0.09232325452886453,1.912005729858391e-09,1.157986026255893e-05,-2.076712395349922,0.0
0.09481434963072194,1.349734458404588e-09,9.695323787549506e-06,-2.011863137518043,0.0
0.09737266024440436,1.9043748628508385e-09,1.1478706254104877e-05,-1.978527674431286,0.0
0.1,1.5258402074336344e-09,1.024346027820974e-05,-2.0928715021403312,0.0
